create table table_s3_csv(char_1 char(20),char_2 varchar(10),date_1 date,date_2 datetime,date_3 timestamp);
load data url s3option {'bucket'='bvtcase-data', 'filepath'='ex_table_char.csv', 'role_arn'='arn:aws:iam::141549464311:role/cross-account-s3', 'external_id'='30ffee3b_08c2_484c_b2cf_daf28147b111'} into table table_s3_csv fields terminated by ',' enclosed by '\"' lines terminated by '\n';
select char_1,char_2,date_1,date_2 from table_s3_csv;
char_1    char_2    date_1    date_2
cat    yellow 芝士    2020-10-09    0001-01-01 00:00:00
123木头人    zt@126.com    1000-01-01    9999-12-31 00:00:00
abc$%*()#$    ttttt    9999-12-31    2019-10-23 23:00:09
create table table_s3_csv2(char_1 char(20),char_2 varchar(10),date_1 date,date_2 datetime,date_3 timestamp);
load data url s3option {'bucket'='bvtcase-data', 'filepath'='ex_table_char_new.csv', 'role_arn'='arn:aws:iam::141549464311:role/cross-account-s3', 'external_id'='30ffee3b_08c2_484c_b2cf_daf28147b111'} into table table_s3_csv2 fields terminated by '|' enclosed by '' lines terminated by '\n';
select char_1,char_2,date_1,date_2 from table_s3_csv2;
char_1    char_2    date_1    date_2
cat    yellow 芝士    2020-10-09    0001-01-01 00:00:00
123木头人    zt@126.com    1000-01-01    9999-12-31 00:00:00
abc$%*()#$    ttttt    9999-12-31    2019-10-23 23:00:09
truncate table table_s3_csv2;
load data url s3option {'bucket'='bvtcase-data', 'filepath'='ex_table_char_ignore.csv', 'role_arn'='arn:aws:iam::141549464311:role/cross-account-s3', 'external_id'='30ffee3b_08c2_484c_b2cf_daf28147b111'} into table table_s3_csv2 fields terminated by '|' enclosed by '' lines terminated by '\n' ignore 1 rows;
select char_1,char_2,date_1,date_2 from table_s3_csv2;
char_1    char_2    date_1    date_2
cat    yellow 芝士    2020-10-09    0001-01-01 00:00:00
123木头人    zt@126.com    1000-01-01    9999-12-31 00:00:00
abc$%*()#$    ttttt    9999-12-31    2019-10-23 23:00:09
create table table_s3_log(char_1 char(20),char_2 varchar(10),date_1 date,date_2 datetime(6),date_3 timestamp);
load data url s3option {'bucket'='bvtcase-data', 'filepath'='ex_table_char.log', 'role_arn'='arn:aws:iam::141549464311:role/cross-account-s3', 'external_id'='30ffee3b_08c2_484c_b2cf_daf28147b111'} into table table_s3_log fields terminated by ',' enclosed by '\"' lines terminated by '\n';
select char_1,char_2,date_1,date_2 from table_s3_log;
char_1    char_2    date_1    date_2
cat    yellow 芝士    2020-10-09    0001-01-01 00:00:00
123木头人    zt@126.com    1000-01-01    9999-12-31 23:59:59.999999000
abc$%*()#$    ttttt    9999-12-31    2019-10-23 23:00:08.908300000
create table table_s3_gz(num_col1 tinyint,num_col2 smallint,num_col3 int,num_col4 bigint,num_col5 tinyint unsigned,num_col6 smallint unsigned,num_col7 int unsigned,num_col8 bigint unsigned ,num_col9 float(5,3),num_col10 double,num_col11 decimal(38,19));
load data url s3option {'bucket'='bvtcase-data', 'filepath'='ex_table_gzip.gz', 'role_arn'='arn:aws:iam::141549464311:role/cross-account-s3', 'external_id'='30ffee3b_08c2_484c_b2cf_daf28147b111','compression'='gzip'} into table table_s3_gz fields terminated by ',' enclosed by '\"' lines terminated by '\n';
select * from table_s3_gz;
num_col1    num_col2    num_col3    num_col4    num_col5    num_col6    num_col7    num_col8    num_col9    num_col10    num_col11
60    -1000    8403    -10934535423423    200    1    673892    8374    73.98    9.0002    8345398234.9838234985858298432
-128    -32768    -2147483648    -9223372036854775808    0    0    0    0    null    -1.7976931348623157E308    9345.4535000000000000000
127    32767    2147483647    9223372036854775807    255    65535    4294967295    18446744073709551615    null    1.7976931348623157E308    883453.0999320000000000000
null    null    null    null    null    null    null    null    null    null    null
create table table_s3_bzip2(char_1 char(20),char_2 varchar(10),date_1 date,date_2 datetime,date_3 timestamp);
load data url s3option {'bucket'='bvtcase-data', 'filepath'='ex_table_bzip.bz2', 'role_arn'='arn:aws:iam::141549464311:role/cross-account-s3', 'external_id'='30ffee3b_08c2_484c_b2cf_daf28147b111','compression'='bz2'} into table table_s3_bzip2 fields terminated by ',' enclosed by '\"' lines terminated by '\n';
select * from table_s3_bzip2;
char_1    char_2    date_1    date_2    date_3
cat    yellow 芝士    2020-10-09    0001-01-01 00:00:00    1970-01-01 00:00:01
123木头人    zt@126.com    1000-01-01    9999-12-31 00:00:00    2038-01-19 03:14:08
abc$%*()#$    ttttt    9999-12-31    2019-10-23 23:00:09    2030-01-01 03:14:08
create table table_s3_lz4(num_col1 tinyint,num_col2 smallint,num_col3 int,num_col4 bigint,num_col5 tinyint unsigned,num_col6 smallint unsigned,num_col7 int unsigned,num_col8 bigint unsigned ,num_col9 float(5,3),num_col10 double,num_col11 decimal(38,19));
load data url s3option {'bucket'='bvtcase-data', 'filepath'='ex_table_lz4.lz4', 'role_arn'='arn:aws:iam::141549464311:role/cross-account-s3', 'external_id'='30ffee3b_08c2_484c_b2cf_daf28147b111','compression'='lz4'} into table table_s3_lz4 fields terminated by ',' enclosed by '\"' lines terminated by '\n';
select * from table_s3_lz4;
num_col1    num_col2    num_col3    num_col4    num_col5    num_col6    num_col7    num_col8    num_col9    num_col10    num_col11
60    -1000    8403    -10934535423423    200    1    673892    8374    73.98    9.0002    8345398234.9838234985858298432
-128    -32768    -2147483648    -9223372036854775808    0    0    0    0    null    -1.7976931348623157E308    9345.4535000000000000000
127    32767    2147483647    9223372036854775807    255    65535    4294967295    18446744073709551615    null    1.7976931348623157E308    883453.0999320000000000000
null    null    null    null    null    null    null    null    null    null    null
create table table_s3_auto(num_col1 tinyint,num_col2 smallint,num_col3 int,num_col4 bigint,num_col5 tinyint unsigned,num_col6 smallint unsigned,num_col7 int unsigned,num_col8 bigint unsigned ,num_col9 float(5,3),num_col10 double,num_col11 decimal(38,19));
load data url s3option {'bucket'='bvtcase-data', 'filepath'='ex_table_lz4.lz4', 'role_arn'='arn:aws:iam::141549464311:role/cross-account-s3', 'external_id'='30ffee3b_08c2_484c_b2cf_daf28147b111','compression'='auto'} into table table_s3_auto fields terminated by ',' enclosed by '\"' lines terminated by '\n';
select * from table_s3_auto;
num_col1    num_col2    num_col3    num_col4    num_col5    num_col6    num_col7    num_col8    num_col9    num_col10    num_col11
60    -1000    8403    -10934535423423    200    1    673892    8374    73.98    9.0002    8345398234.9838234985858298432
-128    -32768    -2147483648    -9223372036854775808    0    0    0    0    null    -1.7976931348623157E308    9345.4535000000000000000
127    32767    2147483647    9223372036854775807    255    65535    4294967295    18446744073709551615    null    1.7976931348623157E308    883453.0999320000000000000
null    null    null    null    null    null    null    null    null    null    null
create table table_s3_none(char_1 char(20),char_2 varchar(10),date_1 date,date_2 datetime,date_3 timestamp);
load data url s3option {'bucket'='bvtcase-data', 'filepath'='ex_table_char.csv', 'role_arn'='arn:aws:iam::141549464311:role/cross-account-s3', 'external_id'='30ffee3b_08c2_484c_b2cf_daf28147b111','compression'='none'} into table table_s3_none fields terminated by ',' enclosed by '\"' lines terminated by '\n';
select * from table_s3_none;
char_1    char_2    date_1    date_2    date_3
cat    yellow 芝士    2020-10-09    0001-01-01 00:00:00    1970-01-01 00:00:01
123木头人    zt@126.com    1000-01-01    9999-12-31 00:00:00    2038-01-19 03:14:08
abc$%*()#$    ttttt    9999-12-31    2019-10-23 23:00:09    2030-01-01 03:14:08
create table table_s3_lz4_nocomp(num_col1 tinyint,num_col2 smallint,num_col3 int,num_col4 bigint,num_col5 tinyint unsigned,num_col6 smallint unsigned,num_col7 int unsigned,num_col8 bigint unsigned ,num_col9 float(5,3),num_col10 double,num_col11 decimal(38,19));
load data url s3option {'bucket'='bvtcase-data', 'filepath'='ex_table_lz4.lz4', 'role_arn'='arn:aws:iam::141549464311:role/cross-account-s3', 'external_id'='30ffee3b_08c2_484c_b2cf_daf28147b111'} into table table_s3_lz4_nocomp fields terminated by ',' enclosed by '\"' lines terminated by '\n';
select * from table_s3_lz4_nocomp;
num_col1    num_col2    num_col3    num_col4    num_col5    num_col6    num_col7    num_col8    num_col9    num_col10    num_col11
60    -1000    8403    -10934535423423    200    1    673892    8374    73.98    9.0002    8345398234.9838234985858298432
-128    -32768    -2147483648    -9223372036854775808    0    0    0    0    null    -1.7976931348623157E308    9345.4535000000000000000
127    32767    2147483647    9223372036854775807    255    65535    4294967295    18446744073709551615    null    1.7976931348623157E308    883453.0999320000000000000
null    null    null    null    null    null    null    null    null    null    null
create table table_s3_lz4_02(num_col1 tinyint,num_col2 smallint,num_col3 int,num_col4 bigint,num_col5 tinyint unsigned,num_col6 smallint unsigned,num_col7 int unsigned,num_col8 bigint unsigned ,num_col9 float(5,3),num_col10 double,num_col11 decimal(38,19));
load data url s3option {'bucket'='bvtcase-data', 'filepath'='ex_table_lz4.lz4', 'role_arn'='arn:aws:iam::141549464311:role/cross-account-s3', 'external_id'='30ffee3b_08c2_484c_b2cf_daf28147b111',"compression"='auto'} into table table_s3_lz4_02 fields terminated by ',' enclosed by '\"' lines terminated by '\n';
select * from table_s3_lz4_02;
num_col1    num_col2    num_col3    num_col4    num_col5    num_col6    num_col7    num_col8    num_col9    num_col10    num_col11
60    -1000    8403    -10934535423423    200    1    673892    8374    73.98    9.0002    8345398234.9838234985858298432
-128    -32768    -2147483648    -9223372036854775808    0    0    0    0    null    -1.7976931348623157E308    9345.4535000000000000000
127    32767    2147483647    9223372036854775807    255    65535    4294967295    18446744073709551615    null    1.7976931348623157E308    883453.0999320000000000000
null    null    null    null    null    null    null    null    null    null    null
create table table_s3_an1(char_1 char(20),char_2 varchar(10),date_1 date,date_2 datetime,date_3 timestamp);
load data url s3option {'bucket'='bvtcase-data', 'filepath'='ex_table_gzip.gz', 'role_arn'='arn:aws:iam::141549464311:role/cross-account-s3', 'external_id'='30ffee3b_08c2_484c_b2cf_daf28147b111',"compression"='bz2'} into table table_s3_an1 fields terminated by ',' enclosed by '\"' lines terminated by '\n';
bzip2 data invalid: bad magic value
select * from table_s3_an1;
char_1    char_2    date_1    date_2    date_3
create table table_s3_an2(char_1 char(20),char_2 varchar(10),date_1 date,date_2 datetime,date_3 timestamp);
load data url s3option {'bucket'='bvtcase-data', 'filepath'='ex_table_char.log', 'role_arn'='arn:aws:iam::141549464311:role/cross-account-s3', 'external_id'='30ffee3b_08c2_484c_b2cf_daf28147b111',"compression"='bz2'} into table table_s3_an2 fields terminated by ',' enclosed by '\"' lines terminated by '\n';
bzip2 data invalid: bad magic value
select char_1,char_2,date_1,date_2 from table_s3_an2;
char_1    char_2    date_1    date_2
create table table_s3_an3(char_1 char(20),char_2 varchar(10),date_1 date,date_2 datetime,date_3 timestamp);
load data url s3option {'bucket'='bvtcase-data1', 'filepath'='ex_table_gzip.gz', 'role_arn'='arn:aws:iam::141549464311:role/cross-account-s3', 'external_id'='30ffee3b_08c2_484c_b2cf_daf28147b111',"compression"='gzip'} into table table_s3_an3 fields terminated by ',' enclosed by '\"' lines terminated by '\n';
internal error: bad s3 config: operation error S3: HeadBucket, https response error StatusCode: 404, RequestID: H6CY7G751XXSMHFB, HostID: D2W5qE4Ev4CBdOt/NZ4Z3/LhBiby6467AFRXmHe+YnCvTzvIO4CiWkFzC7JeFwNuXwPsz9BCEHo=, NotFound: 
select * from table_s3_an3;
char_1    char_2    date_1    date_2    date_3
create table table_s3_an4(char_1 char(20),char_2 varchar(10),date_1 date,date_2 datetime,date_3 timestamp);
load data url s3option {'bucket'='bvtcase-data', 'filepath'='ex_table_gzip.gz', 'role_arn'='arn:aws:iam::141549:role/cross-account-s3', 'external_id'='30ffee3b_08c2_484c_b2cf_daf28147b111',"compression"='gzip'} into table table_s3_an4 fields terminated by ',' enclosed by '\"' lines terminated by '\n';
internal error: bad s3 config: operation error S3: HeadBucket, https response error StatusCode: 400, RequestID: M1TCM655HCG6MHD7, HostID: +IESjFjfXA3kKsPgxKlFWQceVVHUtdWWG+NojtMA4+fTsI4CWVWnJfKQOC6kDxFhfw5MivaH1Kg=, api error BadRequest: Bad Request
select * from table_s3_an4;
char_1    char_2    date_1    date_2    date_3
create table table_s3_an5(char_1 char(20),char_2 varchar(10),date_1 date,date_2 datetime,date_3 timestamp);
load data url s3option {'bucket'='bvtcase-data', 'filepath'='ex_table_char.log', 'role_arn'='arn:aws:iam::141549464311:role/cross-account-s3', 'external_id'='30ffee3b_08c2_484c_b2cf'} into table table_s3_an5 fields terminated by ',' enclosed by '\"' lines terminated by '\n';
internal error: bad s3 config: operation error S3: HeadBucket, https response error StatusCode: 400, RequestID: KM87M2QZ7ZDXJ3EK, HostID: 4GgLS8lcR0TOtPH3jRf3/ahim4xBhTAW0jvXLWpjYvq2AoomczdD+u7Xne3DQPL0z8+TS1RdXo0=, api error BadRequest: Bad Request
select * from table_s3_an5;
char_1    char_2    date_1    date_2    date_3
create table table_s3_an6(char_1 char(20),char_2 varchar(10),date_1 date,date_2 datetime,date_3 timestamp);
load data URL s3option{'bucket'='bvtcase-data', 'filepath'='ex_table_char2222.log', 'role_arn'='arn:aws:iam::141549464311:role/cross-account-s3', 'external_id'='30ffee3b_08c2_484c_b2cf_daf28147b111'}into table table_s3_an6 fields terminated by ',' enclosed by '\"' lines terminated by '\n';
invalid input: the file does not exist in load flow
select * from table_s3_an6;
char_1    char_2    date_1    date_2    date_3
create external table ex_table_s3_csv(char_1 char(20),char_2 varchar(10),date_1 date,date_2 datetime,date_3 timestamp) URL s3option {'bucket'='bvtcase-data', 'filepath'='ex_table_char.csv', 'role_arn'='arn:aws:iam::141549464311:role/cross-account-s3', 'external_id'='30ffee3b_08c2_484c_b2cf_daf28147b111'}  fields terminated by ',' enclosed by '\"' lines terminated by '\n';

select char_1,char_2,date_1,date_2 from ex_table_s3_csv;

create external table ex_table_s3_log(char_1 char(20),char_2 varchar(10),date_1 date,date_2 datetime,date_3 timestamp) URL s3option{'bucket'='bvtcase-data', 'filepath'='ex_table_char.log', 'role_arn'='arn:aws:iam::141549464311:role/cross-account-s3', 'external_id'='30ffee3b_08c2_484c_b2cf_daf28147b111'}  fields terminated by ',' enclosed by '\"' lines terminated by '\n';

select char_1,char_2,date_1,date_2 from ex_table_s3_log;

create external table ex_table_s3_gz(num_col1 tinyint,num_col2 smallint,num_col3 int,num_col4 bigint,num_col5 tinyint unsigned,num_col6 smallint unsigned,num_col7 int unsigned,num_col8 bigint unsigned ,num_col9 float(5,3),num_col10 double,num_col11 decimal(38,19)) URL s3option{'bucket'='bvtcase-data', "filepath"='ex_table_gzip.gz','role_arn'='arn:aws:iam::141549464311:role/cross-account-s3', 'external_id'='30ffee3b_08c2_484c_b2cf_daf28147b111',"compression"='gz'} fields terminated by ',' enclosed by '\"' lines terminated by '\n';

select * from ex_table_s3_gz;

create external table ex_table_s3_bzip2(char_1 char(20),char_2 varchar(10),date_1 date,date_2 datetime,date_3 timestamp) URL s3option{'bucket'='bvtcase-data', "filepath"='ex_table_bzip.bz2','role_arn'='arn:aws:iam::141549464311:role/cross-account-s3', 'external_id'='30ffee3b_08c2_484c_b2cf_daf28147b111',"compression"='bz2'} fields terminated by ',' enclosed by '\"' lines terminated by '\n';

select * from ex_table_s3_bzip2;

create external table ex_table_s3_lz4(num_col1 tinyint,num_col2 smallint,num_col3 int,num_col4 bigint,num_col5 tinyint unsigned,num_col6 smallint unsigned,num_col7 int unsigned,num_col8 bigint unsigned ,num_col9 float(5,3),num_col10 double,num_col11 decimal(38,19))URL s3option{'bucket'='bvtcase-data', "filepath"='ex_table_lz4.lz4','role_arn'='arn:aws:iam::141549464311:role/cross-account-s3', 'external_id'='30ffee3b_08c2_484c_b2cf_daf28147b111' ,"compression"='lz4'} fields terminated by ',' enclosed by '\"' lines terminated by '\n';

select * from ex_table_s3_lz4;

create external table ex_table_s3_auto(num_col1 tinyint,num_col2 smallint,num_col3 int,num_col4 bigint,num_col5 tinyint unsigned,num_col6 smallint unsigned,num_col7 int unsigned,num_col8 bigint unsigned ,num_col9 float(5,3),num_col10 double,num_col11 decimal(38,19))URL s3option{'bucket'='bvtcase-data', "filepath"='ex_table_lz4.lz4','role_arn'='arn:aws:iam::141549464311:role/cross-account-s3', 'external_id'='30ffee3b_08c2_484c_b2cf_daf28147b111',"compression"='auto'} fields terminated by ',' enclosed by '\"' lines terminated by '\n';

select * from ex_table_s3_auto;

create external table ex_table_s3_none(char_1 char(20),char_2 varchar(10),date_1 date,date_2 datetime,date_3 timestamp) URL s3option{'bucket'='bvtcase-data', "filepath"='ex_table_char.csv','role_arn'='arn:aws:iam::141549464311:role/cross-account-s3', 'external_id'='30ffee3b_08c2_484c_b2cf_daf28147b111',"compression"='none'} fields terminated by ',' enclosed by '\"' lines terminated by '\n';

select * from ex_table_s3_none;

create external table ex_table_s3_lz4_nocomp(num_col1 tinyint,num_col2 smallint,num_col3 int,num_col4 bigint,num_col5 tinyint unsigned,num_col6 smallint unsigned,num_col7 int unsigned,num_col8 bigint unsigned ,num_col9 float(5,3),num_col10 double,num_col11 decimal(38,19))URL s3option{'bucket'='bvtcase-data', "filepath"='ex_table_lz4.lz4', 'role_arn'='arn:aws:iam::141549464311:role/cross-account-s3', 'external_id'='30ffee3b_08c2_484c_b2cf_daf28147b111'} fields terminated by ',' enclosed by '\"' lines terminated by '\n';

select * from ex_table_s3_lz4_nocomp;

create external table ex_table_s3_lz4_02(num_col1 tinyint,num_col2 smallint,num_col3 int,num_col4 bigint,num_col5 tinyint unsigned,num_col6 smallint unsigned,num_col7 int unsigned,num_col8 bigint unsigned ,num_col9 float(5,3),num_col10 double,num_col11 decimal(38,19))URL s3option{'bucket'='bvtcase-data', "filepath"='ex_table_lz4.lz4','role_arn'='arn:aws:iam::141549464311:role/cross-account-s3', 'external_id'='30ffee3b_08c2_484c_b2cf_daf28147b111' ,'compression'='auto'};

select * from ex_table_s3_lz4_02;

create external table ex_table_s3_an1(char_1 char(20),char_2 varchar(10),date_1 date,date_2 datetime,date_3 timestamp) URL s3option{'bucket'='bvtcase-data', "filepath"='ex_table_gzip.gz','role_arn'='arn:aws:iam::141549464311:role/cross-account-s3', 'external_id'='30ffee3b_08c2_484c_b2cf_daf28147b111','compression'='bz2'} fields terminated by ',' enclosed by '\"' lines terminated by '\n';

select * from ex_table_s3_an1;

create external table ex_table_s3_an2(char_1 char(20),char_2 varchar(10),date_1 date,date_2 datetime,date_3 timestamp) URL s3option{'bucket'='bvtcase-data', "filepath"='ex_table_char.log','role_arn'='arn:aws:iam::141549464311:role/cross-account-s3', 'external_id'='30ffee3b_08c2_484c_b2cf_daf28147b111','compression'='bz2'} fields terminated by ',' enclosed by '\"' lines terminated by '\n';

select char_1,char_2,date_1,date_2 from ex_table_s3_an2;

create external table ex_table_s3_an3(char_1 char(20),char_2 varchar(10),date_1 date,date_2 datetime,date_3 timestamp) URL s3option{'bucket'='bvtcase-data', "filepath"='ex_table_char.log','role_arn'='arn:aws:iam::141549464311:role/cross-s3', 'external_id'='30ffee3b_08c2_484c_b2cf_daf28147b111'} fields terminated by ',' enclosed by '\"' lines terminated by '\n';

select * from ex_table_s3_an3;

create external table ex_table_s3_an4(char_1 char(20),char_2 varchar(10),date_1 date,date_2 datetime,date_3 timestamp) URL s3option{'bucket'='bvtcase-data', "filepath"='ex_table_char.log','role_arn'='arn:aws:iam::141549464311:role/cross-account-s3', 'external_id'='30ffee3b_08c2_484c_b2cf_daf28147b111'} fields terminated by ',' enclosed by '\"' lines terminated by '\n';

select * from ex_table_s3_an4;

create external table ex_table_s3_an5(char_1 char(20),char_2 varchar(10),date_1 date,date_2 datetime,date_3 timestamp) URL s3option{'bucket'='bvtcase-data-1', "filepath"='ex_table_char.log','role_arn'='arn:aws:iam::141549464311:role/cross-account-s3', 'external_id'='30ffee3b_08c2_484c_b2cf_daf28147b111'} fields terminated by ',' enclosed by '\"' lines terminated by '\n';

select * from ex_table_s3_an5;

create external table ex_table_s3_an6(char_1 char(20),char_2 varchar(10),date_1 date,date_2 datetime,date_3 timestamp) URL s3option{'bucket'='bvtcase-data', "filepath"='ex_table_char1.log','role_arn'='arn:aws:iam::141549464311:role/cross-account-s3', 'external_id'='30ffee3b_08c2_484c_b2cf_daf28147b111'} fields terminated by ',' enclosed by '\"' lines terminated by '\n';

select * from ex_table_s3_an6;

create table jsonline_s3_01(col1 tinyint,col2 smallint,col3 int,col4 bigint,col5 tinyint unsigned,col6 smallint unsigned,col7 int unsigned,col8 bigint unsigned);
load data url s3option {'bucket'='bvtcase-data', 'filepath'='integer_numbers_1.jl', 'role_arn'='arn:aws:iam::141549464311:role/cross-account-s3', 'external_id'='30ffee3b_08c2_484c_b2cf_daf28147b111','format'='jsonline', 'jsondata'='object'} into table jsonline_s3_01 fields terminated by ',' enclosed by '\"' lines terminated by '\n';
select * from jsonline_s3_01;
col1    col2    col3    col4    col5    col6    col7    col8
127    32767    2147483647    9223372036854775807    255    65535    4294967295    18446744073709551615
-128    -32768    -2147483648    -9223372036854775808    0    0    0    0
40    0    60    50    100    0    90    20
null    null    null    null    null    null    null    null
truncate table jsonline_s3_01;
load data url s3option {'bucket'='bvtcase-data', 'filepath'='integer_numbers_1_array.jl', 'role_arn'='arn:aws:iam::141549464311:role/cross-account-s3', 'external_id'='30ffee3b_08c2_484c_b2cf_daf28147b111','format'='jsonline', 'jsondata'='array'} into table jsonline_s3_01;
select * from jsonline_s3_01;
col1    col2    col3    col4    col5    col6    col7    col8
127    32767    2147483647    9223372036854775807    255    65535    4294967295    18446744073709551615
-128    -32768    -2147483648    -9223372036854775808    0    0    0    0
0    0    0    0    0    0    0    0
null    null    null    null    null    null    null    null
127    32767    2147483647    9223372036854775807    255    65535    4294967295    18446744073709551615
create table jsonline_s3_02(col1 char(225),col2 varchar(225),col3 text,col4 varchar(225));
load data url s3option {'bucket'='bvtcase-data', 'filepath'='char_varchar_1_array.json', 'role_arn'='arn:aws:iam::141549464311:role/cross-account-s3', 'external_id'='30ffee3b_08c2_484c_b2cf_daf28147b111','format'='jsonline', 'jsondata'='array'} into table jsonline_s3_02;
select * from jsonline_s3_02;
col1    col2    col3    col4
a    重工    4546    @#¥%……&*()
'a'    'b'    'c'    'd'
aa,aa    bb,bb    [20 50 <nil> map[col:9] <nil>]    dd,dd
null     e f g          fff
aa',',,aa    _yeah_123    1111111111uuuuuuuuuhhhhzzzzzzzzffff    dd',',,dd
null    null    null    null
truncate table jsonline_s3_02;
load data url s3option {'bucket'='bvtcase-data', 'filepath'='char_varchar_1.jl', 'role_arn'='arn:aws:iam::141549464311:role/cross-account-s3', 'external_id'='30ffee3b_08c2_484c_b2cf_daf28147b111','format'='jsonline', 'jsondata'='object'}into table jsonline_s3_02;
select * from jsonline_s3_02;
col1    col2    col3    col4
a    中文    #¥%……&#    234cccc重要
"a"    "b"    "c"    "d"
'd'    '123456'    'b'    'a'
"'a'"    "'b'"    "'c'"    abc
 123f fff     yeah     红tu    bb"
"aa""""    aa"    "bb""""    bb"
null         null    
null    null    null    null
create table jsonline_s3_03(col1 float,col2 double,col3 decimal(38,16),col4 decimal(38,16));
load data url s3option {'bucket'='bvtcase-data', 'filepath'='float_1.json', 'role_arn'='arn:aws:iam::141549464311:role/cross-account-s3', 'external_id'='30ffee3b_08c2_484c_b2cf_daf28147b111','format'='jsonline', 'jsondata'='object'}into table jsonline_s3_03;
select * from jsonline_s3_03;
col1    col2    col3    col4
1.3    5.0    2.0000000000000000    0.4000000000000000
1.0    null    635437923742.3333333330000000    1.0000000000000000
null    null    null    40.0200000000000000
-1.763835E21    -1.0E-14    1.2345600000000000    3.9800000000000000
-345.34244    -1.1118772349834299E73    8349538974359357.0000000000000000    3.9484359854839584
truncate table jsonline_s3_03;
load data url s3option {'bucket'='bvtcase-data', 'filepath'='float_1_array.jl', 'role_arn'='arn:aws:iam::141549464311:role/cross-account-s3', 'external_id'='30ffee3b_08c2_484c_b2cf_daf28147b111','format'='jsonline', 'jsondata'='array'}into table jsonline_s3_03;
select * from jsonline_s3_03;
col1    col2    col3    col4
1.3    5.0    2.0000000000000000    0.4000000000000000
1.0    null    635437923742.3333333330000000    1.0000000000000000
null    null    null    40.0200000000000000
-1.7638359E25    -1.9348593579835793    1.2345600000000000    3.9800000000000000
-345.34244    -1.1118772349834298    83495389743593573.0000000000000000    9484359854839584.0000000000000000
create table jsonline_s3_gzip(col1 char(225),col2 varchar(225),col3 text,col4 varchar(225));
load data url s3option {'bucket'='bvtcase-data', 'filepath'='char_varchar_1_array.json.gz', 'role_arn'='arn:aws:iam::141549464311:role/cross-account-s3', 'external_id'='30ffee3b_08c2_484c_b2cf_daf28147b111','format'='jsonline', 'compression'='gzip','jsondata'='array'}into table jsonline_s3_gzip;
select * from jsonline_s3_gzip;
col1    col2    col3    col4
a    重工    4546    @#¥%……&*()
'a'    'b'    'c'    'd'
aa,aa    bb,bb    [20 50 <nil> map[col:9] <nil>]    dd,dd
null     e f g          fff
aa',',,aa    _yeah_123    1111111111uuuuuuuuuhhhhzzzzzzzzffff    dd',',,dd
null    null    null    null
truncate table jsonline_s3_gzip;
create table jsonline_s3_bzip2(col1 tinyint,col2 smallint,col3 int,col4 bigint,col5 tinyint unsigned,col6 smallint unsigned,col7 int unsigned,col8 bigint unsigned);
load data url s3option {'bucket'='bvtcase-data', 'filepath'='integer_numbers_1.jl.bz2', 'role_arn'='arn:aws:iam::141549464311:role/cross-account-s3', 'external_id'='30ffee3b_08c2_484c_b2cf_daf28147b111','format'='jsonline', 'compression'='bz2','jsondata'='object'}into table jsonline_s3_bzip2;
select * from jsonline_s3_bzip2;
col1    col2    col3    col4    col5    col6    col7    col8
127    32767    2147483647    9223372036854775807    255    65535    4294967295    18446744073709551615
-128    -32768    -2147483648    -9223372036854775808    0    0    0    0
40    0    60    50    100    0    90    20
null    null    null    null    null    null    null    null
create table jsonline_s3_lz4(col1 float,col2 double,col3 decimal(38,16),col4 decimal(38,16));
load data url s3option {'bucket'='bvtcase-data', 'filepath'='float_1.json.lz4', 'role_arn'='arn:aws:iam::141549464311:role/cross-account-s3', 'external_id'='30ffee3b_08c2_484c_b2cf_daf28147b111','format'='jsonline', 'compression'='lz4','jsondata'='object'}into table jsonline_s3_lz4;
select * from jsonline_s3_lz4;
col1    col2    col3    col4
1.3    5.0    2.0000000000000000    0.4000000000000000
1.0    null    635437923742.3333333330000000    1.0000000000000000
null    null    null    40.0200000000000000
-1.763835E21    -1.0E-14    1.2345600000000000    3.9800000000000000
-345.34244    -1.1118772349834299E73    8349538974359357.0000000000000000    3.9484359854839584
create table jsonline_s3_auto(col1 float,col2 double,col3 decimal(38,16),col4 decimal(38,16));
load data url s3option {'bucket'='bvtcase-data', 'filepath'='float_1.json.lz4', 'role_arn'='arn:aws:iam::141549464311:role/cross-account-s3', 'external_id'='30ffee3b_08c2_484c_b2cf_daf28147b111','format'='jsonline', 'compression'='auto','jsondata'='object'}into table jsonline_s3_auto;
select * from jsonline_s3_auto;
col1    col2    col3    col4
1.3    5.0    2.0000000000000000    0.4000000000000000
1.0    null    635437923742.3333333330000000    1.0000000000000000
null    null    null    40.0200000000000000
-1.763835E21    -1.0E-14    1.2345600000000000    3.9800000000000000
-345.34244    -1.1118772349834299E73    8349538974359357.0000000000000000    3.9484359854839584
create table jsonline_s3_none(col1 tinyint,col2 smallint,col3 int,col4 bigint,col5 tinyint unsigned,col6 smallint unsigned,col7 int unsigned,col8 bigint unsigned);
load data url s3option {'bucket'='bvtcase-data', 'filepath'='integer_numbers_1.jl', 'role_arn'='arn:aws:iam::141549464311:role/cross-account-s3', 'external_id'='30ffee3b_08c2_484c_b2cf_daf28147b111','format'='jsonline','compression'='none', 'jsondata'='object'} into table jsonline_s3_none;
select * from jsonline_s3_none;
col1    col2    col3    col4    col5    col6    col7    col8
127    32767    2147483647    9223372036854775807    255    65535    4294967295    18446744073709551615
-128    -32768    -2147483648    -9223372036854775808    0    0    0    0
40    0    60    50    100    0    90    20
null    null    null    null    null    null    null    null
